""	"barcode.sequence"	"body.site"	"year"	"month"	"day"	"subject"	"reported.antibiotic.usage"	"days.since.experiment.start"
"L1S105"	"AGTGCGATGCGT"	"gut"	2009	3	17	"subject-1"	"No"	140
"L1S140"	"ATGGCAGCTCTA"	"gut"	2008	10	28	"subject-2"	"Yes"	0
"L1S208"	"CTGAGATACGCG"	"gut"	2009	1	20	"subject-2"	"No"	84
"L1S257"	"CCGACTGAGATG"	"gut"	2009	3	17	"subject-2"	"No"	140
"L1S281"	"CCTCTCGTGATC"	"gut"	2009	4	14	"subject-2"	"No"	168
"L1S57"	"ACACACTATGGC"	"gut"	2009	1	20	"subject-1"	"No"	84
"L1S76"	"ACTACGTGTGGT"	"gut"	2009	2	17	"subject-1"	"No"	112
"L1S8"	"AGCTGACTAGTC"	"gut"	2008	10	28	"subject-1"	"Yes"	0
"L5S104"	"CAGTGTCAGGAC"	"tongue"	2008	10	28	"subject-1"	"Yes"	0
"L5S155"	"ATCTTAGACTGC"	"tongue"	2009	1	20	"subject-1"	"No"	84
"L5S174"	"CAGACATTGCGT"	"tongue"	2009	2	17	"subject-1"	"No"	112
"L5S203"	"CGATGCACCAGA"	"tongue"	2009	3	17	"subject-1"	"No"	140
"L5S222"	"CTAGAGACTCTT"	"tongue"	2009	4	14	"subject-1"	"No"	168
"L5S240"	"CTGGACTCATAG"	"tongue"	2008	10	28	"subject-2"	"Yes"	0
"L6S20"	"GAGGCTCATCAT"	"tongue"	2009	1	20	"subject-2"	"No"	84
"L6S68"	"GATACGTCCTGA"	"tongue"	2009	3	17	"subject-2"	"No"	140
"L6S93"	"GATTAGCACTCT"	"tongue"	2009	4	14	"subject-2"	"No"	168
